/*==============================================================*/
/* LabControl - Datos de prueba (VERSION ORDENADA)              */
/* Dialecto: Watcom-SQL (Sybase SQL Anywhere) - ejecutar en ISQL*/
/* Fecha de referencia: hoy = 2026-07-07 (martes)               */
/*                                                              */
/* Este script se puede ejecutar completo de un tiron.          */
/* PASO 0 limpia datos parciales de intentos anteriores.        */
/* Los inserts con errores intencionales estan al final,        */
/* COMENTADOS, para probarlos de a uno.                         */
/*==============================================================*/

/*==============================================================*/
/* PASO 0 - LIMPIEZA (orden inverso a las dependencias FK)      */
/*==============================================================*/
DELETE FROM RESERVAS;
DELETE FROM MANTENIMIENTOS;
DELETE FROM SOLICITANTES;
DELETE FROM RECURSOS;
DELETE FROM LABORATORIOS;
DELETE FROM TIPO_ACTIVIDAD;
DELETE FROM PRIORIDADES;
DELETE FROM TIPOS_SOLICITANTES;
DELETE FROM TIPOS_DOCUMENTOS;
DELETE FROM ESTADO_RESERVA;
DELETE FROM ESTADOS_OPERATIVOS;
DELETE FROM ESTADOS_MANTENIMIENTOS;
DELETE FROM CARRERAS;
DELETE FROM DEPARTAMENTOS;
DELETE FROM PISOS;
DELETE FROM EDIFICIOS;

COMMIT;

/*==============================================================*/
/* PASO 1 - TABLAS SIN DEPENDENCIAS                             */
/*==============================================================*/

/*---------------- EDIFICIOS ----------------*/
INSERT INTO EDIFICIOS (ID_EDIFICIO, NOMBRE_EDIFICIO) VALUES (1, 'Bloque A');
INSERT INTO EDIFICIOS (ID_EDIFICIO, NOMBRE_EDIFICIO) VALUES (2, 'Bloque B');
INSERT INTO EDIFICIOS (ID_EDIFICIO, NOMBRE_EDIFICIO) VALUES (3, 'Bloque C');

/*---------------- ESTADOS_MANTENIMIENTOS ----------------*/
/* P=pendiente, R=realizado, E=en proceso, C=cancelado */
INSERT INTO ESTADOS_MANTENIMIENTOS (ID_ESTADO_MANTENIMIENTO, ESTADO_MANTENIMIENTO) VALUES (1, 'P');
INSERT INTO ESTADOS_MANTENIMIENTOS (ID_ESTADO_MANTENIMIENTO, ESTADO_MANTENIMIENTO) VALUES (2, 'R');
INSERT INTO ESTADOS_MANTENIMIENTOS (ID_ESTADO_MANTENIMIENTO, ESTADO_MANTENIMIENTO) VALUES (3, 'E');
INSERT INTO ESTADOS_MANTENIMIENTOS (ID_ESTADO_MANTENIMIENTO, ESTADO_MANTENIMIENTO) VALUES (4, 'C');

/*---------------- ESTADOS_OPERATIVOS ----------------*/
/* D=Disponible, R=Reservado, M=Mantenimiento, F=Fuera de servicio, B=Bloqueado */
INSERT INTO ESTADOS_OPERATIVOS (ESTADO, TIPO) VALUES (1, 'D');
INSERT INTO ESTADOS_OPERATIVOS (ESTADO, TIPO) VALUES (2, 'R');
INSERT INTO ESTADOS_OPERATIVOS (ESTADO, TIPO) VALUES (3, 'M');
INSERT INTO ESTADOS_OPERATIVOS (ESTADO, TIPO) VALUES (4, 'F');
INSERT INTO ESTADOS_OPERATIVOS (ESTADO, TIPO) VALUES (5, 'B');

/*---------------- ESTADO_RESERVA ----------------*/
/* P=Pendiente, U=Utilizado, C=Cancelado, A=Ausente */
INSERT INTO ESTADO_RESERVA (ID_ESTADO_RESERVA, ESTADO_RESERVA) VALUES (1, 'P');
INSERT INTO ESTADO_RESERVA (ID_ESTADO_RESERVA, ESTADO_RESERVA) VALUES (2, 'U');
INSERT INTO ESTADO_RESERVA (ID_ESTADO_RESERVA, ESTADO_RESERVA) VALUES (3, 'C');
INSERT INTO ESTADO_RESERVA (ID_ESTADO_RESERVA, ESTADO_RESERVA) VALUES (4, 'A');

/*---------------- TIPOS_DOCUMENTOS ----------------*/
INSERT INTO TIPOS_DOCUMENTOS (TIPO_DOCUMENTO, NOMBRE) VALUES (1, 'Cedula de Identidad');
INSERT INTO TIPOS_DOCUMENTOS (TIPO_DOCUMENTO, NOMBRE) VALUES (2, 'Pasaporte');

/*---------------- TIPOS_SOLICITANTES ----------------*/
INSERT INTO TIPOS_SOLICITANTES (ID_SOLICITANTE, TIPO_SOLICITANTE) VALUES (1, 'Docente');
INSERT INTO TIPOS_SOLICITANTES (ID_SOLICITANTE, TIPO_SOLICITANTE) VALUES (2, 'Estudiante');
INSERT INTO TIPOS_SOLICITANTES (ID_SOLICITANTE, TIPO_SOLICITANTE) VALUES (3, 'Administrativo');

/*---------------- PRIORIDADES ----------------*/
/* 1 = maxima prioridad, 4 = minima */
INSERT INTO PRIORIDADES (ID_PRIORIDAD, NOMBRE) VALUES (1, 'Alta');
INSERT INTO PRIORIDADES (ID_PRIORIDAD, NOMBRE) VALUES (2, 'Media Alta');
INSERT INTO PRIORIDADES (ID_PRIORIDAD, NOMBRE) VALUES (3, 'Media');
INSERT INTO PRIORIDADES (ID_PRIORIDAD, NOMBRE) VALUES (4, 'Baja');

COMMIT;

/*==============================================================*/
/* PASO 2 - DEPENDEN DE PASO 1                                  */
/*==============================================================*/

/*---------------- PISOS (depende de EDIFICIOS) ----------------*/
/* OJO: la PK de PISOS es solo ID_EDIFICIO -> un piso por edificio */
INSERT INTO PISOS (ID_EDIFICIO, NRO_PISO) VALUES (1, 1);
INSERT INTO PISOS (ID_EDIFICIO, NRO_PISO) VALUES (2, 2);
INSERT INTO PISOS (ID_EDIFICIO, NRO_PISO) VALUES (3, 1);

/*---------------- DEPARTAMENTOS (depende de EDIFICIOS) ----------------*/
INSERT INTO DEPARTAMENTOS (ID_DEPARTAMENTO, ID_EDIFICIO, NOMBRE) VALUES (1, 1, 'Departamento de Informatica');
INSERT INTO DEPARTAMENTOS (ID_DEPARTAMENTO, ID_EDIFICIO, NOMBRE) VALUES (2, 2, 'Departamento de Arquitectura');
INSERT INTO DEPARTAMENTOS (ID_DEPARTAMENTO, ID_EDIFICIO, NOMBRE) VALUES (3, 3, 'Departamento de Contabilidad');

/*---------------- TIPO_ACTIVIDAD (depende de PRIORIDADES) ----------------*/
/* Jerarquia (ID_PRIORIDAD: 1=Alta, 2=Media Alta, 3=Media, 4=Baja):
     Alta       -> Eventos institucionales
     Media Alta -> Examenes institucionales y Defensa de proyecto final
     Media      -> Capacitaciones (y Practica Especial)
     Baja       -> Clases regulares y Tutorias
   PRIORIDAD (numerico): 1 = mas alta. Valores distintos por tipo
   para que nunca haya empate en el trigger de solapamiento:
   Evento(1) > Examen(2) > Defensa(3) > Capacitacion(4) > Practica(5) > Clase(6) > Tutoria(7) */
INSERT INTO TIPO_ACTIVIDAD (ID_TIPO_ACTIVIDAD, ID_PRIORIDAD, NOMBRE, PRIORIDAD, DURACION_MAX_HORAS) VALUES (1, 4, 'Clase Regular', 6, 4);
INSERT INTO TIPO_ACTIVIDAD (ID_TIPO_ACTIVIDAD, ID_PRIORIDAD, NOMBRE, PRIORIDAD, DURACION_MAX_HORAS) VALUES (2, 2, 'Examen Institucional', 2, 3);
INSERT INTO TIPO_ACTIVIDAD (ID_TIPO_ACTIVIDAD, ID_PRIORIDAD, NOMBRE, PRIORIDAD, DURACION_MAX_HORAS) VALUES (3, 3, 'Capacitacion', 4, 4);
INSERT INTO TIPO_ACTIVIDAD (ID_TIPO_ACTIVIDAD, ID_PRIORIDAD, NOMBRE, PRIORIDAD, DURACION_MAX_HORAS) VALUES (4, 4, 'Tutoria', 7, 2);
INSERT INTO TIPO_ACTIVIDAD (ID_TIPO_ACTIVIDAD, ID_PRIORIDAD, NOMBRE, PRIORIDAD, DURACION_MAX_HORAS) VALUES (5, 1, 'Evento Institucional', 1, 8);
INSERT INTO TIPO_ACTIVIDAD (ID_TIPO_ACTIVIDAD, ID_PRIORIDAD, NOMBRE, PRIORIDAD, DURACION_MAX_HORAS) VALUES (6, 2, 'Defensa Proyecto Final', 3, 3);
INSERT INTO TIPO_ACTIVIDAD (ID_TIPO_ACTIVIDAD, ID_PRIORIDAD, NOMBRE, PRIORIDAD, DURACION_MAX_HORAS) VALUES (7, 3, 'Practica Especial', 5, 3);

COMMIT;

/*==============================================================*/
/* PASO 3 - DEPENDEN DE PASO 2                                  */
/*==============================================================*/

/*---------------- CARRERAS (depende de DEPARTAMENTOS) ----------------*/
INSERT INTO CARRERAS (ID_CARRERA, ID_DEPARTAMENTO, NOMBRE) VALUES (1, 1, 'Analisis de Sistemas');
INSERT INTO CARRERAS (ID_CARRERA, ID_DEPARTAMENTO, NOMBRE) VALUES (2, 1, 'Ingenieria Informatica');
INSERT INTO CARRERAS (ID_CARRERA, ID_DEPARTAMENTO, NOMBRE) VALUES (3, 2, 'Arquitectura');

/*---------------- LABORATORIOS (depende de PISOS y ESTADOS_OPERATIVOS) ----------------*/
/* Lab 4 en Mantenimiento (3) y Lab 5 Fuera de servicio (4) */
INSERT INTO LABORATORIOS (NUMERO_LABORATORIO, ID_EDIFICIO, ESTADO, EDIFICIO, CAPACIDAD_ALUMNOS, CANTIDAD_COMPUTADORAS, VELOCIDAD_CONEXION_INTERNET)
VALUES (1, 1, 1, 'Bloque A', 30, 30, 100);
INSERT INTO LABORATORIOS (NUMERO_LABORATORIO, ID_EDIFICIO, ESTADO, EDIFICIO, CAPACIDAD_ALUMNOS, CANTIDAD_COMPUTADORAS, VELOCIDAD_CONEXION_INTERNET)
VALUES (2, 1, 1, 'Bloque A', 20, 20, 50);
INSERT INTO LABORATORIOS (NUMERO_LABORATORIO, ID_EDIFICIO, ESTADO, EDIFICIO, CAPACIDAD_ALUMNOS, CANTIDAD_COMPUTADORAS, VELOCIDAD_CONEXION_INTERNET)
VALUES (3, 2, 1, 'Bloque B', 40, 35, 200);
INSERT INTO LABORATORIOS (NUMERO_LABORATORIO, ID_EDIFICIO, ESTADO, EDIFICIO, CAPACIDAD_ALUMNOS, CANTIDAD_COMPUTADORAS, VELOCIDAD_CONEXION_INTERNET)
VALUES (4, 2, 3, 'Bloque B', 25, 25, 100);
INSERT INTO LABORATORIOS (NUMERO_LABORATORIO, ID_EDIFICIO, ESTADO, EDIFICIO, CAPACIDAD_ALUMNOS, CANTIDAD_COMPUTADORAS, VELOCIDAD_CONEXION_INTERNET)
VALUES (5, 3, 4, 'Bloque C', 15, 15, 50);

COMMIT;

/*==============================================================*/
/* PASO 4 - DEPENDEN DE PASO 3                                  */
/*==============================================================*/

/*---------------- RECURSOS (depende de LABORATORIOS) ----------------*/
INSERT INTO RECURSOS (ID_RECURSO, NUMERO_LABORATORIO, NOMBRE, DESCRIPCION, DISPONIBILIDAD) VALUES (1, 1, 'Proyector', 'Proyector Epson Full HD', 'S');
INSERT INTO RECURSOS (ID_RECURSO, NUMERO_LABORATORIO, NOMBRE, DESCRIPCION, DISPONIBILIDAD) VALUES (2, 1, 'Aire Acondicionado', 'Split 24000 BTU', 'S');
INSERT INTO RECURSOS (ID_RECURSO, NUMERO_LABORATORIO, NOMBRE, DESCRIPCION, DISPONIBILIDAD) VALUES (3, 2, 'Proyector', 'Proyector BenQ HD', 'S');
INSERT INTO RECURSOS (ID_RECURSO, NUMERO_LABORATORIO, NOMBRE, DESCRIPCION, DISPONIBILIDAD) VALUES (4, 2, 'Pizarra Digital', 'Pizarra interactiva Smart', 'N');
INSERT INTO RECURSOS (ID_RECURSO, NUMERO_LABORATORIO, NOMBRE, DESCRIPCION, DISPONIBILIDAD) VALUES (5, 3, 'Impresora 3D', 'Creality Ender 3', 'S');
INSERT INTO RECURSOS (ID_RECURSO, NUMERO_LABORATORIO, NOMBRE, DESCRIPCION, DISPONIBILIDAD) VALUES (6, 3, 'Proyector', 'Proyector laser 4K', 'S');
INSERT INTO RECURSOS (ID_RECURSO, NUMERO_LABORATORIO, NOMBRE, DESCRIPCION, DISPONIBILIDAD) VALUES (7, 4, 'Aire Acondicionado', 'Split 18000 BTU', 'S');
INSERT INTO RECURSOS (ID_RECURSO, NUMERO_LABORATORIO, NOMBRE, DESCRIPCION, DISPONIBILIDAD) VALUES (8, 5, 'Proyector', 'Proyector portatil', 'N');

/*---------------- MANTENIMIENTOS (depende de LABORATORIOS y ESTADOS_MANTENIMIENTOS) ----------------*/
INSERT INTO MANTENIMIENTOS (ID_MANTENIMIENTO, ID_ESTADO_MANTENIMIENTO, NUMERO_LABORATORIO, FECHA_INICIO, FECHA_FIN_PREVISTA, OBSERVACIONES)
VALUES (1, 3, 4, '2026-07-06', '2026-07-17', 'Recambio de equipos y cableado de red');
INSERT INTO MANTENIMIENTOS (ID_MANTENIMIENTO, ID_ESTADO_MANTENIMIENTO, NUMERO_LABORATORIO, FECHA_INICIO, FECHA_FIN_PREVISTA, OBSERVACIONES)
VALUES (2, 1, 1, '2026-08-03', '2026-08-07', 'Mantenimiento preventivo de aires acondicionados');
INSERT INTO MANTENIMIENTOS (ID_MANTENIMIENTO, ID_ESTADO_MANTENIMIENTO, NUMERO_LABORATORIO, FECHA_INICIO, FECHA_FIN_PREVISTA, OBSERVACIONES)
VALUES (3, 3, 5, '2026-07-01', '2026-07-31', 'Reparacion electrica general - fuera de servicio');

/*---------------- SOLICITANTES (depende de CARRERAS, TIPOS_SOLICITANTES, TIPOS_DOCUMENTOS) ----------------*/
INSERT INTO SOLICITANTES (CEDULA_IDENTIDAD, CORREO, ID_CARRERA, ID_SOLICITANTE, TIPO_DOCUMENTO, NOMBRE, APELLIDO, TELEFONO, DEPARTAMENTO)
VALUES (4123456, 'jgonzalez@uc.edu.py', 1, 1, 1, 'Juan', 'Gonzalez', '0981111222', 'Informatica');
INSERT INTO SOLICITANTES (CEDULA_IDENTIDAD, CORREO, ID_CARRERA, ID_SOLICITANTE, TIPO_DOCUMENTO, NOMBRE, APELLIDO, TELEFONO, DEPARTAMENTO)
VALUES (4234567, 'mlopez@uc.edu.py', 2, 1, 1, 'Maria', 'Lopez', '0982222333', 'Informatica');
INSERT INTO SOLICITANTES (CEDULA_IDENTIDAD, CORREO, ID_CARRERA, ID_SOLICITANTE, TIPO_DOCUMENTO, NOMBRE, APELLIDO, TELEFONO, DEPARTAMENTO)
VALUES (4345678, 'crodriguez@uc.edu.py', 1, 2, 1, 'Carlos', 'Rodriguez', '0983333444', 'Informatica');
INSERT INTO SOLICITANTES (CEDULA_IDENTIDAD, CORREO, ID_CARRERA, ID_SOLICITANTE, TIPO_DOCUMENTO, NOMBRE, APELLIDO, TELEFONO, DEPARTAMENTO)
VALUES (4456789, 'aferreira@uc.edu.py', 3, 2, 1, 'Ana', 'Ferreira', '0984444555', 'Arquitectura');
INSERT INTO SOLICITANTES (CEDULA_IDENTIDAD, CORREO, ID_CARRERA, ID_SOLICITANTE, TIPO_DOCUMENTO, NOMBRE, APELLIDO, TELEFONO, DEPARTAMENTO)
VALUES (4567890, 'pbenitez@uc.edu.py', NULL, 3, 1, 'Pedro', 'Benitez', '0985555666', 'Contabilidad');

COMMIT;

/*==============================================================*/
/* PASO 5 - RESERVAS VALIDAS (julio 2026)                       */
/* Solo dias habiles, fechas >= hoy (2026-07-07),               */
/* sin solapamientos, alumnos <= capacidad, labs 1-3.           */
/* Estados: 1=P, 2=U, 3=C, 4=A                                  */
/*==============================================================*/

/* Martes 07/07 (hoy) */
INSERT INTO RESERVAS (NUMERO_LABORATORIO, CEDULA_IDENTIDAD, CORREO, ID_ESTADO_RESERVA, ID_TIPO_ACTIVIDAD, FECHA_A_RESERVAR, HORA_INICIO, HORA_FIN, CANTIDAD_ALUMNOS, FECHA_SOLICITUD)
VALUES (1, 4123456, 'jgonzalez@uc.edu.py', 2, 1, '2026-07-07', '07:30:00', '09:30:00', 25, CURRENT DATE);
INSERT INTO RESERVAS (NUMERO_LABORATORIO, CEDULA_IDENTIDAD, CORREO, ID_ESTADO_RESERVA, ID_TIPO_ACTIVIDAD, FECHA_A_RESERVAR, HORA_INICIO, HORA_FIN, CANTIDAD_ALUMNOS, FECHA_SOLICITUD)
VALUES (2, 4345678, 'crodriguez@uc.edu.py', 4, 4, '2026-07-07', '10:00:00', '12:00:00', 15, CURRENT DATE);

/* Miercoles 08/07 - la primera es la BASE del test de solapamiento */
INSERT INTO RESERVAS (NUMERO_LABORATORIO, CEDULA_IDENTIDAD, CORREO, ID_ESTADO_RESERVA, ID_TIPO_ACTIVIDAD, FECHA_A_RESERVAR, HORA_INICIO, HORA_FIN, CANTIDAD_ALUMNOS, FECHA_SOLICITUD)
VALUES (1, 4234567, 'mlopez@uc.edu.py', 1, 1, '2026-07-08', '08:00:00', '10:00:00', 28, CURRENT DATE);
INSERT INTO RESERVAS (NUMERO_LABORATORIO, CEDULA_IDENTIDAD, CORREO, ID_ESTADO_RESERVA, ID_TIPO_ACTIVIDAD, FECHA_A_RESERVAR, HORA_INICIO, HORA_FIN, CANTIDAD_ALUMNOS, FECHA_SOLICITUD)
VALUES (3, 4456789, 'aferreira@uc.edu.py', 1, 3, '2026-07-08', '14:00:00', '17:00:00', 35, CURRENT DATE);

/* Jueves 09/07 - incluye una cancelada */
INSERT INTO RESERVAS (NUMERO_LABORATORIO, CEDULA_IDENTIDAD, CORREO, ID_ESTADO_RESERVA, ID_TIPO_ACTIVIDAD, FECHA_A_RESERVAR, HORA_INICIO, HORA_FIN, CANTIDAD_ALUMNOS, FECHA_SOLICITUD)
VALUES (2, 4123456, 'jgonzalez@uc.edu.py', 1, 1, '2026-07-09', '09:00:00', '11:00:00', 18, CURRENT DATE);
INSERT INTO RESERVAS (NUMERO_LABORATORIO, CEDULA_IDENTIDAD, CORREO, ID_ESTADO_RESERVA, ID_TIPO_ACTIVIDAD, FECHA_A_RESERVAR, HORA_INICIO, HORA_FIN, CANTIDAD_ALUMNOS, FECHA_SOLICITUD)
VALUES (1, 4567890, 'pbenitez@uc.edu.py', 3, 3, '2026-07-09', '15:00:00', '17:00:00', 20, CURRENT DATE);

/* Viernes 10/07 */
INSERT INTO RESERVAS (NUMERO_LABORATORIO, CEDULA_IDENTIDAD, CORREO, ID_ESTADO_RESERVA, ID_TIPO_ACTIVIDAD, FECHA_A_RESERVAR, HORA_INICIO, HORA_FIN, CANTIDAD_ALUMNOS, FECHA_SOLICITUD)
VALUES (1, 4234567, 'mlopez@uc.edu.py', 1, 2, '2026-07-10', '13:00:00', '15:00:00', 30, CURRENT DATE);

/* Lunes 13/07 */
INSERT INTO RESERVAS (NUMERO_LABORATORIO, CEDULA_IDENTIDAD, CORREO, ID_ESTADO_RESERVA, ID_TIPO_ACTIVIDAD, FECHA_A_RESERVAR, HORA_INICIO, HORA_FIN, CANTIDAD_ALUMNOS, FECHA_SOLICITUD)
VALUES (3, 4567890, 'pbenitez@uc.edu.py', 1, 5, '2026-07-13', '08:00:00', '12:00:00', 40, CURRENT DATE);

/* Martes 14/07 */
INSERT INTO RESERVAS (NUMERO_LABORATORIO, CEDULA_IDENTIDAD, CORREO, ID_ESTADO_RESERVA, ID_TIPO_ACTIVIDAD, FECHA_A_RESERVAR, HORA_INICIO, HORA_FIN, CANTIDAD_ALUMNOS, FECHA_SOLICITUD)
VALUES (1, 4123456, 'jgonzalez@uc.edu.py', 1, 1, '2026-07-14', '10:00:00', '12:00:00', 22, CURRENT DATE);

/* Miercoles 15/07 */
INSERT INTO RESERVAS (NUMERO_LABORATORIO, CEDULA_IDENTIDAD, CORREO, ID_ESTADO_RESERVA, ID_TIPO_ACTIVIDAD, FECHA_A_RESERVAR, HORA_INICIO, HORA_FIN, CANTIDAD_ALUMNOS, FECHA_SOLICITUD)
VALUES (2, 4345678, 'crodriguez@uc.edu.py', 1, 4, '2026-07-15', '15:00:00', '17:00:00', 10, CURRENT DATE);

/* Jueves 16/07 */
INSERT INTO RESERVAS (NUMERO_LABORATORIO, CEDULA_IDENTIDAD, CORREO, ID_ESTADO_RESERVA, ID_TIPO_ACTIVIDAD, FECHA_A_RESERVAR, HORA_INICIO, HORA_FIN, CANTIDAD_ALUMNOS, FECHA_SOLICITUD)
VALUES (1, 4234567, 'mlopez@uc.edu.py', 1, 1, '2026-07-16', '07:00:00', '09:00:00', 26, CURRENT DATE);

/* Viernes 17/07 */
INSERT INTO RESERVAS (NUMERO_LABORATORIO, CEDULA_IDENTIDAD, CORREO, ID_ESTADO_RESERVA, ID_TIPO_ACTIVIDAD, FECHA_A_RESERVAR, HORA_INICIO, HORA_FIN, CANTIDAD_ALUMNOS, FECHA_SOLICITUD)
VALUES (3, 4456789, 'aferreira@uc.edu.py', 1, 2, '2026-07-17', '09:00:00', '11:00:00', 38, CURRENT DATE);

/* Lunes 20/07 */
INSERT INTO RESERVAS (NUMERO_LABORATORIO, CEDULA_IDENTIDAD, CORREO, ID_ESTADO_RESERVA, ID_TIPO_ACTIVIDAD, FECHA_A_RESERVAR, HORA_INICIO, HORA_FIN, CANTIDAD_ALUMNOS, FECHA_SOLICITUD)
VALUES (2, 4123456, 'jgonzalez@uc.edu.py', 1, 1, '2026-07-20', '08:00:00', '10:00:00', 20, CURRENT DATE);

/* Martes 21/07 */
INSERT INTO RESERVAS (NUMERO_LABORATORIO, CEDULA_IDENTIDAD, CORREO, ID_ESTADO_RESERVA, ID_TIPO_ACTIVIDAD, FECHA_A_RESERVAR, HORA_INICIO, HORA_FIN, CANTIDAD_ALUMNOS, FECHA_SOLICITUD)
VALUES (1, 4567890, 'pbenitez@uc.edu.py', 1, 3, '2026-07-21', '16:00:00', '18:00:00', 24, CURRENT DATE);

/* Miercoles 22/07 */
INSERT INTO RESERVAS (NUMERO_LABORATORIO, CEDULA_IDENTIDAD, CORREO, ID_ESTADO_RESERVA, ID_TIPO_ACTIVIDAD, FECHA_A_RESERVAR, HORA_INICIO, HORA_FIN, CANTIDAD_ALUMNOS, FECHA_SOLICITUD)
VALUES (3, 4234567, 'mlopez@uc.edu.py', 1, 1, '2026-07-22', '13:00:00', '16:00:00', 30, CURRENT DATE);

/* Jueves 23/07 */
INSERT INTO RESERVAS (NUMERO_LABORATORIO, CEDULA_IDENTIDAD, CORREO, ID_ESTADO_RESERVA, ID_TIPO_ACTIVIDAD, FECHA_A_RESERVAR, HORA_INICIO, HORA_FIN, CANTIDAD_ALUMNOS, FECHA_SOLICITUD)
VALUES (2, 4345678, 'crodriguez@uc.edu.py', 1, 4, '2026-07-23', '11:00:00', '13:00:00', 12, CURRENT DATE);

/* Viernes 24/07 */
INSERT INTO RESERVAS (NUMERO_LABORATORIO, CEDULA_IDENTIDAD, CORREO, ID_ESTADO_RESERVA, ID_TIPO_ACTIVIDAD, FECHA_A_RESERVAR, HORA_INICIO, HORA_FIN, CANTIDAD_ALUMNOS, FECHA_SOLICITUD)
VALUES (1, 4123456, 'jgonzalez@uc.edu.py', 1, 1, '2026-07-24', '09:00:00', '11:00:00', 29, CURRENT DATE);

/* Lunes 27/07 */
INSERT INTO RESERVAS (NUMERO_LABORATORIO, CEDULA_IDENTIDAD, CORREO, ID_ESTADO_RESERVA, ID_TIPO_ACTIVIDAD, FECHA_A_RESERVAR, HORA_INICIO, HORA_FIN, CANTIDAD_ALUMNOS, FECHA_SOLICITUD)
VALUES (3, 4567890, 'pbenitez@uc.edu.py', 1, 5, '2026-07-27', '10:00:00', '12:00:00', 36, CURRENT DATE);

/* Martes 28/07 */
INSERT INTO RESERVAS (NUMERO_LABORATORIO, CEDULA_IDENTIDAD, CORREO, ID_ESTADO_RESERVA, ID_TIPO_ACTIVIDAD, FECHA_A_RESERVAR, HORA_INICIO, HORA_FIN, CANTIDAD_ALUMNOS, FECHA_SOLICITUD)
VALUES (2, 4456789, 'aferreira@uc.edu.py', 1, 1, '2026-07-28', '14:00:00', '16:00:00', 19, CURRENT DATE);

/* Miercoles 29/07 - Defensa Proyecto Final (tipo 6, max 2h) */
INSERT INTO RESERVAS (NUMERO_LABORATORIO, CEDULA_IDENTIDAD, CORREO, ID_ESTADO_RESERVA, ID_TIPO_ACTIVIDAD, FECHA_A_RESERVAR, HORA_INICIO, HORA_FIN, CANTIDAD_ALUMNOS, FECHA_SOLICITUD)
VALUES (1, 4234567, 'mlopez@uc.edu.py', 1, 6, '2026-07-29', '08:00:00', '10:00:00', 27, CURRENT DATE);

/* Jueves 30/07 - Practica Especial (tipo 7, max 3h) */
INSERT INTO RESERVAS (NUMERO_LABORATORIO, CEDULA_IDENTIDAD, CORREO, ID_ESTADO_RESERVA, ID_TIPO_ACTIVIDAD, FECHA_A_RESERVAR, HORA_INICIO, HORA_FIN, CANTIDAD_ALUMNOS, FECHA_SOLICITUD)
VALUES (3, 4345678, 'crodriguez@uc.edu.py', 1, 7, '2026-07-30', '15:00:00', '18:00:00', 33, CURRENT DATE);

/* Viernes 31/07 */
INSERT INTO RESERVAS (NUMERO_LABORATORIO, CEDULA_IDENTIDAD, CORREO, ID_ESTADO_RESERVA, ID_TIPO_ACTIVIDAD, FECHA_A_RESERVAR, HORA_INICIO, HORA_FIN, CANTIDAD_ALUMNOS, FECHA_SOLICITUD)
VALUES (1, 4123456, 'jgonzalez@uc.edu.py', 1, 1, '2026-07-31', '11:00:00', '13:00:00', 25, CURRENT DATE);

COMMIT;

/*==============================================================*/
/* PASO 6 - INSERTS QUE DEBEN FALLAR (probar de a UNO,          */
/* descomentando cada bloque; ROLLBACK despues de cada fallo)   */
/*==============================================================*/

/* ERROR 1: SOLAPAMIENTO - lab 1, 08/07, 09:00-11:00 choca con 08:00-10:00.
   Debe rechazarlo tr_evitar_horarios_coinciden. */
/*
INSERT INTO RESERVAS (NUMERO_LABORATORIO, CEDULA_IDENTIDAD, CORREO, ID_ESTADO_RESERVA, ID_TIPO_ACTIVIDAD, FECHA_A_RESERVAR, HORA_INICIO, HORA_FIN, CANTIDAD_ALUMNOS, FECHA_SOLICITUD)
VALUES (1, 4345678, 'crodriguez@uc.edu.py', 1, 1, '2026-07-08', '09:00:00', '11:00:00', 15, CURRENT DATE);
*/

/* ERROR 2: FECHA PASADA - 03/07 es anterior a hoy (07/07).
   Debe rechazarlo fn_validar_fecha. */
/*
INSERT INTO RESERVAS (NUMERO_LABORATORIO, CEDULA_IDENTIDAD, CORREO, ID_ESTADO_RESERVA, ID_TIPO_ACTIVIDAD, FECHA_A_RESERVAR, HORA_INICIO, HORA_FIN, CANTIDAD_ALUMNOS, FECHA_SOLICITUD)
VALUES (2, 4123456, 'jgonzalez@uc.edu.py', 1, 1, '2026-07-03', '08:00:00', '10:00:00', 10, CURRENT DATE);
*/

/* ERROR 3 (opcional): FIN DE SEMANA - 11/07 es sabado */
/*
INSERT INTO RESERVAS (NUMERO_LABORATORIO, CEDULA_IDENTIDAD, CORREO, ID_ESTADO_RESERVA, ID_TIPO_ACTIVIDAD, FECHA_A_RESERVAR, HORA_INICIO, HORA_FIN, CANTIDAD_ALUMNOS, FECHA_SOLICITUD)
VALUES (1, 4234567, 'mlopez@uc.edu.py', 1, 1, '2026-07-11', '09:00:00', '11:00:00', 20, CURRENT DATE);
*/

/* ERROR 4 (opcional): CAPACIDAD EXCEDIDA - lab 2 (cap. 20) con 50 alumnos.
   Debe rechazarlo tr_validar_capacidad_lab. */
/*
INSERT INTO RESERVAS (NUMERO_LABORATORIO, CEDULA_IDENTIDAD, CORREO, ID_ESTADO_RESERVA, ID_TIPO_ACTIVIDAD, FECHA_A_RESERVAR, HORA_INICIO, HORA_FIN, CANTIDAD_ALUMNOS, FECHA_SOLICITUD)
VALUES (2, 4456789, 'aferreira@uc.edu.py', 1, 1, '2026-07-15', '08:00:00', '10:00:00', 50, CURRENT DATE);
*/

/* ERROR 5 (opcional): LAB EN MANTENIMIENTO - lab 4 esta con estado M.
   Debe rechazarlo tr_validar_estados_operativos_lab. */
/*
INSERT INTO RESERVAS (NUMERO_LABORATORIO, CEDULA_IDENTIDAD, CORREO, ID_ESTADO_RESERVA, ID_TIPO_ACTIVIDAD, FECHA_A_RESERVAR, HORA_INICIO, HORA_FIN, CANTIDAD_ALUMNOS, FECHA_SOLICITUD)
VALUES (4, 4567890, 'pbenitez@uc.edu.py', 1, 1, '2026-07-20', '09:00:00', '11:00:00', 15, CURRENT DATE);
*/
